{
  "images" : [
    {
      "resizing" : {
        "mode" : "9-part",
        "center" : {
          "mode" : "tile",
          "width" : 35,
          "height" : 20
        },
        "cap-insets" : {
          "bottom" : 13,
          "top" : 8,
          "right" : 37,
          "left" : 26
        }
      },
      "idiom" : "universal",
      "filename" : "屏幕快照 2015-11-11 下午6.45.04.png",
      "scale" : "1x"
    },
    {
      "idiom" : "universal",
      "scale" : "2x"
    },
    {
      "idiom" : "universal",
      "scale" : "3x"
    }
  ],
  "info" : {
    "version" : 1,
    "author" : "xcode"
  }
}